{"training_r2_score": 0.8975402502161599, "training_slope": 0.9264119066367185, "testing_r2_score": 0.9978378065845938, "testing_slope": 1.01673490442013}