{"training_r2_score": 0.8087726668526812, "training_slope": 0.8450186835109138, "testing_r2_score": 0.8624008017525852, "testing_slope": 1.0103980450869967}