{"training_r2_score": 0.6088287131083607, "training_slope": 0.5280961354302635, "testing_r2_score": 0.6793195381227924, "testing_slope": 1.0657549319389223}